gene,moran_stage1,moran_stage2,classification
AURKAIP1,0.06019934652280943,0.016373018135666047,Null Gene
MRPL20,0.05377082797767948,0.003551212118193299,Null Gene
SSU72,0.04338130545631127,-0.012097159899306627,Null Gene
GNB1,0.0869641368768209,0.00024363481159867843,Null Gene
GABRD,0.0512788849127945,-0.0006537617019515703,Null Gene
PRKCZ,0.05440784337615615,-0.004052331667913429,Null Gene
TPRG1L,0.04629713992937296,-0.006238972917037314,Null Gene
KCNAB2,0.053581487249607304,-0.010375638782046177,Null Gene
CHD5,0.017275765796595715,-0.0067678530530144694,Null Gene
RPL22,0.09858320983484932,0.0022014346715294084,Null Gene
ACOT7,0.09464162047015792,0.0020152432458555303,Null Gene
CAMTA1,0.0531812335734235,0.01137800156419136,Null Gene
PARK7,0.08594740180932839,0.006098520349344894,Null Gene
ENO1,0.11181656971593809,0.011611000820225148,Null Gene
CLSTN1,0.1280966375195791,0.011261278872440331,Null Gene
KIF1B,0.049240627081215564,-0.009857080831627741,DVG
FBXO2,0.02395130565548418,-0.0036988655780113276,Null Gene
FBXO44,0.03652144053090436,-3.622686542269834e-05,Null Gene
ATP13A2,0.057884821049279576,0.02293697769753946,Null Gene
CAPZB,0.03551249130152388,0.004271057333358559,Null Gene
MINOS1,0.09107475844315488,-0.006931840268077532,Null Gene
NBL1,0.03361966179047935,-0.0119619090612557,Null Gene
CAMK2N1,0.17517479222717466,0.05960776090950728,Null Gene
PINK1,0.11875643261229044,0.008593126605436463,Null Gene
HP1BP3,0.04142604646790023,0.01776061834870267,Null Gene
RAP1GAP,0.04659338807881612,0.001295608181114545,DVG
CDC42,0.06263969184120055,0.011213864452777871,Null Gene
RPL11,0.12010059106968582,0.023964907193537013,Null Gene
PITHD1,0.051807896679471825,0.005700695980486811,Null Gene
STMN1,0.2088205231445913,0.019229314194228474,DVG + Field aligned
SH3BGRL3,0.05643905945383682,0.0032743221541079105,DVG
HMGN2,0.01649786938588743,-0.002138878258128015,Null Gene
NUDC,0.02259041513544403,-0.011971250289426088,Null Gene
IFI6,0.04635562242881883,0.015785785728312175,Null Gene
DNAJC8,0.024289887728141994,-0.0058878832304270125,Null Gene
ATP5IF1,0.10654301552978415,-0.01869103707416746,Null Gene
FABP3,0.059267588545885166,-0.011370766362740469,Null Gene
ADGRB2,0.06582620591279115,0.02655938347036425,Null Gene
PTP4A2,0.049492447185757626,0.017842349056791815,Null Gene
MARCKSL1,0.038673054041757374,0.012596762523160993,Null Gene
HPCA,0.0574147033917989,0.022247728986565206,Null Gene
SFPQ,0.04330659873938282,0.016045111073786675,Null Gene
NCDN,0.10966508825384741,0.01597237853553274,Null Gene
MAP7D1,0.050464473721246836,0.005555517878915894,Null Gene
C1orf122,0.06750350787933657,0.000849512653334433,Null Gene
NDUFS5,0.16590728285170936,0.030876643633114806,Null Gene
HPCAL4,0.042653455349700095,0.012938612967790752,Null Gene
SMAP2,0.030073278995029328,-0.009817755099548927,Null Gene
RIMS3,0.03278522062348545,0.0007979405414849366,Null Gene
ATP6V0B,0.1064789140054389,0.00981989212079921,Null Gene
ERI3,0.02855836332440812,-0.004507999938498102,Null Gene
RPS8,0.18982185518415406,0.039684922819919276,Null Gene
PRDX1,0.08263377206719341,0.019368825818153038,Null Gene
UQCRH,0.12818350393532635,0.0029521578361761456,DVG
ATPAF1,0.03723770437341801,0.01312344143553818,Null Gene
ELAVL4,0.0552961454623393,0.012225779815319962,DVG
RNF11,0.07367815572386592,-0.012340419997932667,DVG
EPS15,0.02932673828152441,-0.018736207060567025,DVG
ZYG11B,0.03835164222062496,0.013272229047144918,DVG
TMEM59,0.05351455842934184,0.013962482997018784,Null Gene
SSBP3,0.05096428248695254,0.011657942248741537,DVG
DHCR24,0.05039634617315047,-0.006735891370425228,Null Gene
DNAJC6,0.0808792583249608,0.004713295148102516,DVG
NEGR1,0.06856261134518175,0.007402126847696787,Null Gene
AK5,0.07271781712086459,0.009045096704699504,DVG
PRKACB,0.07841019404395419,0.004401906018533613,DVG
DDAH1,0.03541611846852366,-0.0028853330486281305,Null Gene
LMO4,0.14277589217737352,0.009126245271977767,Null Gene
BTBD8,0.051594816925848726,0.012883541596316833,Null Gene
RPL5,0.13955404434358581,0.035504694872331446,Null Gene
SARS,0.06132857809874245,0.00022280922433303156,Null Gene
SORT1,0.03629860463074202,0.00865713559870582,Null Gene
GSTM3,0.02204220133317127,0.004178475264301869,Null Gene
AHCYL1,0.025847227946899257,0.0008256246526976456,Null Gene
SLC6A17,0.04592571318714757,0.00732266692227128,DVG
LAMTOR5,0.05572909362701374,0.009523598432170452,Null Gene
ATP5PB,0.041544954925558236,-0.008602490942282891,Null Gene
CSDE1,0.0432152256030186,0.00835709074575327,Null Gene
ATP1A1,0.144850650914957,0.012827662261731812,Null Gene
PDE4DIP,0.03216532188756319,-0.00799491248368067,Null Gene
SV2A,0.06115019287018699,-0.006726314737778976,DVG
MRPS21,0.07704578200420747,0.007520757772214326,Null Gene
ENSA,0.08702197460585323,-0.0025802814063386336,Null Gene
MLLT11,0.08904810904054193,0.005215347438337407,DVG
PSMD4,0.04379317290525786,0.011429217139271324,Null Gene
PSMB4,0.06134420352665335,0.011045067332198621,Null Gene
S100A6,0.052030839090621527,0.006463983024040399,Null Gene
S100A13,0.028699975656944075,0.00851209884068223,Null Gene
S100A1,0.014344551846993021,-0.004616674149617661,Null Gene
JTB,0.047589167464892675,0.0030674545692365588,Null Gene
RPS27,0.12745141388107303,0.013590804481011885,Null Gene
TPM3,0.03447515804603373,-0.010660207062303176,Null Gene
C1orf43,0.05591289379178453,0.020723583907594833,Null Gene
ADAR,0.03376137127156552,-0.002517925747301202,Null Gene
MUC1,0.16704100958584303,0.14859166269319118,Null Gene
FDPS,0.03308112583514585,0.00138452538417275,Null Gene
SYT11,0.10292945131896976,0.003855068925201677,Null Gene
C1orf61,0.11380507112504108,0.023185004225478357,Null Gene
CADM3,0.05842337591659691,-0.0066417930648778115,Null Gene
IGSF8,0.04042840218042185,0.013728170426742426,Null Gene
ATP1A2,0.051314606694253265,-0.005725844832761431,Null Gene
PEA15,0.09003582463635813,0.0410944518374804,Null Gene
PFDN2,0.04355259881936819,0.005024899844559161,Null Gene
NDUFS2,0.051149338130376615,0.007706949085833294,Null Gene
RGS4,0.1385703329385427,0.01091966176961838,DVG
MGST3,0.16323041838811347,0.038732377750549996,DVG
MPC2,0.07251072355021079,0.035566284297075666,Null Gene
ATP1B1,0.19523976891987643,0.04182876446966596,DVG
KIFAP3,0.06608145102688748,0.014153576664080176,DVG
PRDX6,0.0412634607579154,0.017768333843948672,Null Gene
CACYBP,0.08102602810594237,-0.0006335728209192329,Null Gene
GLUL,0.12487682631550573,0.034937568605775675,Null Gene
TMEM9,0.03756726076857936,-0.00692104293933844,Null Gene
CSRP1,0.03535829844899916,0.006650854966555277,Null Gene
SHISA4,0.035879446983894774,0.0045010956531679695,Null Gene
TIMM17A,0.056561215122120034,0.01263495467418285,Null Gene
ATP2B4,0.03919319072872221,0.016552481709214317,Null Gene
MFSD4A,0.04136929416791984,4.6466075735974186e-05,Null Gene
NUCKS1,0.0462541702691727,0.001370056979073421,Null Gene
NENF,0.05964828740045082,0.005049675300194385,Null Gene
C1orf115,0.028595608313805074,0.0006208441222903235,Null Gene
SRP9,0.05072078504861078,0.0024168270079258486,Null Gene
H3F3A,0.07819046995402096,0.038398455833847815,Null Gene
ARF1,0.09140791456054893,0.006721007203365494,Null Gene
GUK1,0.16494989705286728,0.0398464016679724,Null Gene
RNF187,0.05379709871395079,-0.01270441582248144,Null Gene
AGT,0.02772931827298864,0.010857078013276483,Null Gene
KCNK1,0.026739712884176488,0.002203318345826127,Null Gene
TOMM20,0.07223693068347714,0.008369643366706031,Null Gene
ZBTB18,0.04056795326794882,0.000784145197989725,Null Gene
COX20,0.0320119655608958,-0.001513906605994891,Null Gene
HNRNPU,0.04372588781378996,0.009595548906666092,Null Gene
MYT1L,0.02843801381474774,-0.014130706785984933,Null Gene
RPS7,0.11059797576943235,-0.003519368870563783,Null Gene
ID2,0.017597762450916123,-0.0032761437317515305,DVG
YWHAQ,0.08824612567172124,0.001199678619088469,Null Gene
HPCAL1,0.1068821824155193,0.09406688838830127,Null Gene
DDX1,0.029204012044055858,-0.0028515120598320916,Null Gene
FAM49A,0.03484607463863716,-0.001302584567082542,Null Gene
VSNL1,0.2448694967062923,0.052651616082725686,DVG + Field aligned
RHOB,0.05153619322779453,0.005924322639681098,Null Gene
SF3B6,0.04351402803243643,0.0057546108574222325,Null Gene
KIF3C,0.0695375383067781,0.0076986083650688744,Null Gene
MAPRE3,0.0402810533835217,-0.008349851630618925,Null Gene
OST4,0.043031643538243326,0.0024703668665292965,Null Gene
MRPL33,0.03735821251486873,-0.0015182549073028504,DVG
PPP1CB,0.0633526429172989,-0.013458887046903078,Null Gene
YPEL5,0.03830445229218795,-0.007534092613473745,Null Gene
EHD3,0.03669804365674945,-0.004773613372615292,DVG
TMEM178A,0.04322456946975148,0.01081936155831333,DVG
COX7A2L,0.03510831813373725,-0.0009499433011995874,Null Gene
PREPL,0.13310578932262995,0.00515203249705093,DVG
PRKCE,0.0420983265245977,-0.000324913096854231,Null Gene
CALM2,0.2536020748018452,0.02402152479976307,Field aligned
NRXN1,0.06519676849472712,-0.00016429514263876854,Null Gene
ACYP2,0.040753041755020945,-0.016423513393397888,Null Gene
SPTBN1,0.08229623572519942,-0.0023396813553629714,Null Gene
RTN4,0.18576644727775332,0.04573356911403871,Null Gene
RPS27A,0.1882832389378399,0.023758591379049874,Null Gene
CCT4,0.04670160303058739,-0.00849888708370022,Null Gene
MDH1,0.16730065042731088,0.017462057701233262,Null Gene
UGP2,0.04932725194242447,-0.0031121107710782034,DVG
RAB1A,0.053598661158636075,-0.007232074500093169,Null Gene
ACTR2,0.03661820566015628,-0.002100412255295457,Null Gene
PPP3R1,0.0416320552259306,0.013215678745446718,Null Gene
CNRIP1,0.039147218631140984,0.010802653508536295,DVG
AAK1,0.03474328322594077,-0.013631547986661937,Null Gene
PCBP1,0.03472017324093033,-0.013057586138484411,Null Gene
CCT7,0.032699538637477515,0.0006494971095144407,Null Gene
DCTN1,0.05850214924289923,-0.020088529596464857,Null Gene
CTNNA2,0.04475494865252092,0.008368299537553981,Null Gene
TMSB10,0.3275405437022091,0.08294049628075842,DVG + Field aligned
IGKC,0.2771559834292088,0.268355814343519,SVG
STARD7,0.03353002447030898,0.005402934343560549,Null Gene
COX5B,0.19054573333476113,0.021556125917062536,Null Gene
LONRF2,0.03336322374270377,-0.0033870156345869452,Null Gene
RPL31,0.15250116865310653,-0.0029559652227051174,Null Gene
CREG2,0.0742970512868272,0.01752580308561771,DVG
SMIM37,0.07296389655683948,0.01108454363650675,Null Gene
DBI,0.05188710845689789,0.011632211728616377,Null Gene
BIN1,0.027193831844583502,-0.0030394985493985473,Null Gene
MZT2B,0.10271389387507902,0.012972580678537854,Null Gene
ARHGEF4,0.04544728244898453,0.013338220965258924,Null Gene
FAM168B,0.007813164459733674,-0.01161876953956025,Null Gene
PLEKHB2,0.07399218546402313,0.011707672182476387,Null Gene
MZT2A,0.03982689097776143,-0.0025851628511506975,Null Gene
KIF5C,0.0815428475572353,0.01248411507795999,Null Gene
TBR1,0.03706896323797544,0.0047459175316441,DVG
SLC4A10,0.049892067081201474,0.013179109393485938,Null Gene
SCN2A,0.05379042813790416,0.0013804052272998457,Null Gene
GAD1,0.05133542657925787,0.03415357485270038,Null Gene
RAPGEF4,0.033213099624812135,0.004231517503134928,DVG
OLA1,0.05613110321487497,0.016677705486842272,Null Gene
CHN1,0.22889095480855945,0.015283102931953849,Field aligned
ATP5MC3,0.09851809886973646,-0.006582470640205156,Null Gene
HNRNPA3,0.025882037874159845,-0.0038472970223220318,Null Gene
UBE2E3,0.057568304445504134,0.011947714688615696,Null Gene
NCKAP1,0.08255425644772448,0.005413251439212748,Null Gene
FAM171B,0.012939294401732233,-0.010044338332512299,Null Gene
GLS,0.06826301948617113,0.00810017782870717,DVG
SLC39A10,0.05346846889169495,-0.00021458335825371095,Null Gene
HSPD1,0.04470874862682882,0.006617808904315997,Null Gene
HSPE1,0.07483941048923666,0.010576969130311463,Null Gene
NDUFB3,0.06549822859664238,0.0005794504698896402,Null Gene
SUMO1,0.028115017010127755,-0.0023040093950842154,Null Gene
ABI2,0.07139722468960909,0.018209066618763488,Null Gene
NDUFS1,0.028127894888520834,-0.011546552530784928,Null Gene
EEF1B2,0.08587824728365992,0.006764715082244098,Null Gene
MAP2,0.11238917722309784,0.028005210067256335,DVG
LANCL1,0.04380617825089157,0.012479246913408588,Null Gene
RPL37A,0.22186230368746312,0.02397416418856502,Field aligned
ARPC2,0.03833597675400852,-0.0014124783502513216,Null Gene
PNKD,0.044341194514312156,-0.00912576820439974,Null Gene
RETREG2,0.06935165377888235,0.008221685831326866,Null Gene
TUBA4A,0.08052391746462159,-0.0032936230919233893,DVG
DNAJB2,0.020283035063378873,-0.002027147885842604,Null Gene
PTPRN,0.06750588073828474,0.014827636223085751,Null Gene
ACSL3,0.038444132152138856,-0.005448464196066965,Null Gene
SCG2,0.05457003018433007,0.02767689281517743,Null Gene
SERPINE2,0.04447844023720811,0.028375210569901322,Null Gene
CAB39,0.05462662877457484,0.01342300349206606,Null Gene
ITM2C,0.14613114832806054,0.015804710440757163,Null Gene
NCL,0.04172318154174699,0.008561207709878178,Null Gene
PTMA,0.07966183029862733,0.020931456182229042,Null Gene
SNORC,0.02101277760357832,0.015914943087869605,Null Gene
NGEF,0.0878844499444888,0.019189501311362888,Null Gene
COPS8,0.03512307382826232,0.007556405032457459,Null Gene
NDUFA10,0.03430989769177963,-0.0007849668910558747,Null Gene
COPS9,0.1464879861338408,0.010790007178238872,Null Gene
KIF1A,0.08292105407408512,0.0029155396539155406,Null Gene
PPP1R7,0.029728755270800412,-0.005078954304181991,Null Gene
HDLBP,0.026464747639893402,-0.003056956378329105,Null Gene
STK25,0.02692615345807939,-0.0034303946514923746,Null Gene
CHL1,0.07481521186399244,0.02066774866591194,Null Gene
ITPR1,0.04499342310830296,0.00642825224652667,Null Gene
ARL8B,0.05069606988814587,-0.007348853877577164,Null Gene
ARPC4,0.04594427553690843,0.005677664620294952,Null Gene
BRK1,0.05124324085176948,0.004458521350900735,Null Gene
ATP2B2,0.08333937654080488,0.0022292398607591424,Null Gene
SLC6A1,0.04091398854927319,0.011585398408509947,Null Gene
SYN2,0.09390314378823178,0.012643734288227342,DVG
RPL32,0.19614780768890727,0.020495833491978407,Null Gene
IQSEC1,0.043270936923594065,-0.00697974538671048,DVG
RPL15,0.15442267238487123,0.012184574622191894,Null Gene
CLASP2,0.04605092989144217,0.002230162889096336,DVG
ARPP21,0.04217103660587836,-0.004543405365699196,Null Gene
RPSA,0.11416545168692817,0.019869585891980342,Null Gene
EIF1B,0.06312469301728468,0.00518125924786774,Null Gene
RPL14,0.16056924904480915,0.047346425244270136,Null Gene
CTNNB1,0.07066253617835129,0.018917993637986328,Null Gene
CCK,0.23170453532895033,0.06873195737416174,DVG + Field aligned
HIGD1A,0.05384256809770497,-0.021487805135898378,DVG
CSPG5,0.02414539070599629,-0.010597950606481476,Null Gene
MAP4,0.0393686724681832,-0.0004977817890987309,Null Gene
TMA7,0.13880221870772258,0.015386047175647502,Null Gene
UQCRC1,0.05144168694745017,-0.0009870992653058393,Null Gene
P4HTM,0.023010877572726057,-0.015973106143346114,Null Gene
NDUFAF3,0.042272024108265874,0.004920049741502756,Null Gene
RHOA,0.034651842050830446,-0.010541233435544672,Null Gene
BSN,0.05198060218141809,0.00728530886217804,DVG
CAMKV,0.045185495503296445,0.0006707730224784633,Null Gene
GNAI2,0.036029799014250546,0.008525055001314678,Null Gene
ABHD14A,0.03390836370499175,-0.0008256848722728811,Null Gene
RPL29,0.1119605239195252,0.012441878245806436,Null Gene
NISCH,0.038028344899228746,0.009141089658390122,Null Gene
SPCS1,0.040804609865595795,-0.0104743917024711,Null Gene
SELENOK,0.020546253130320286,-0.008180709414506757,Null Gene
FAM107A,0.04401376586082404,0.003123550234183557,Null Gene
CADPS,0.05035365052464568,0.011619113933134985,DVG
SYNPR,0.04833999617116014,0.023625012368461984,DVG
ARL6IP5,0.06612022652322745,-0.001881103588731703,Null Gene
CADM2,0.05727864783553064,-0.0034709132705719606,DVG
MTRNR2L12,0.27411823302036187,0.0706623154592479,Field aligned
CLDND1,0.05240449420403515,0.02203803446515688,DVG
PCNP,0.02643157539280627,-0.015866556414177363,Null Gene
RPL24,0.13455618707280986,0.019044293586019494,Null Gene
CD47,0.04727339059420519,0.006285726509271551,Null Gene
TAGLN3,0.1372590838818978,-0.0014976244217540667,DVG
ATP6V1A,0.08005686174005905,-0.0010983719484267231,DVG
GAP43,0.20684443277925332,0.05882630447019629,Field aligned
COX17,0.07546844648660408,0.011640981973264398,Null Gene
NDUFB4,0.0938108023819547,0.007786129702430818,Null Gene
FAM162A,0.031753275503295736,-0.009633103338876176,Null Gene
KALRN,0.04647108439291585,-0.0004416714299704902,Null Gene
MGLL,0.04895821166453148,0.017123719585913036,DVG
RAB7A,0.038589436794487265,-0.005546284085902283,Null Gene
CNBP,0.05239701382596609,0.00747760415642379,Null Gene
H1FX,0.03248728674819566,-0.00467295448377674,Null Gene
TF,0.03401468701893175,0.02239425981076173,DVG
RAB6B,0.12223919244883986,0.017196731161652035,Null Gene
PFN2,0.11551655987043671,-0.006567598875596145,DVG
SELENOT,0.006489099206801004,-0.018711211788380918,Null Gene
SERPINI1,0.13386503573342387,0.0018510600702018147,DVG
SEC62,0.0737996162057543,0.02232962062538475,Null Gene
NDUFB5,0.045118833600766774,-0.00026507273912445526,Null Gene
AP2M1,0.12829246557811302,-0.007286656810071835,DVG
PSMD2,0.028841060540559512,-0.002034887367837251,Null Gene
FAM131A,0.04276795397680449,0.00047526850770162953,Null Gene
EIF4A2,0.16713974862313197,0.02087835498186767,DVG
FGF12,0.03572325140118963,-0.010142137725302409,Null Gene
APOD,0.0151901338063421,0.0024512267363776537,Null Gene
RPL35A,0.16107367772443354,0.02399728854306591,Null Gene
ATP5ME,0.17973635888599862,0.016312778769412343,Null Gene
CPLX1,0.08042096982323915,0.007455790760426449,DVG
CTBP1,0.028511814482695776,-0.006030635896849121,Null Gene
C4orf48,0.12768852245088783,0.01381399591264503,Null Gene
NAT8L,0.061744721758194156,0.0076208735990888395,Null Gene
ADD1,0.05076385435971544,-0.0038950875045480056,Null Gene
LRPAP1,0.03910534091765835,-0.012910296842233488,Null Gene
NSG1,0.03759487586006105,0.0028257188221189567,Null Gene
CRMP1,0.04363489655219086,0.004182282203544516,Null Gene
PPP2R2C,0.03721252318240841,-0.0018211959665911583,Null Gene
MRFAP1,0.07061961954325065,0.0038562837882572124,Null Gene
QDPR,0.05790678594686503,0.01579825890843966,DVG
RPL9,0.12048236934754004,0.005547757182352054,Null Gene
UCHL1,0.25798893603197026,0.05935498297202033,DVG + Field aligned
OCIAD1,0.09800375609068553,0.02775478475161865,Null Gene
HOPX,0.11198106538154068,0.015323615456805387,DVG
IGFBP7,0.04575119797825204,0.024237572339651178,Null Gene
RUFY3,0.05923945292999807,0.019171028352850342,DVG
G3BP2,0.07784061455856098,-0.003862564709540256,DVG
CCNI,0.10243575241569064,0.016299574203199545,DVG
HNRNPDL,0.07459479656383668,0.02901747168729629,Null Gene
SCD5,0.07529084289702352,-0.005086405406276678,DVG
MRPS18C,0.028840350684364437,-0.014281994323146413,Null Gene
MAPK10,0.07045366750264395,0.002419653893113372,Null Gene
SPARCL1,0.23405056562290533,0.05729187332727164,DVG + Field aligned
NAP1L5,0.03623126767770265,-0.004917532755751859,DVG
SNCA,0.11119711710681857,0.02009362903929983,DVG
RAP1GDS1,0.05572802426068961,0.010255494767906046,Null Gene
H2AFZ,0.07232461401262574,0.0017108189437526772,Null Gene
PPP3CA,0.14308490876255883,0.03521617646387955,Null Gene
UBE2D3,0.055723629428960066,0.0018273248747752576,Null Gene
RPL34,0.23721917491895322,0.047912513273811755,Field aligned
ANK2,0.06984581218033287,-0.010143833776933698,Null Gene
C4orf3,0.04385577001753866,0.009213452593658215,Null Gene
NDUFC1,0.08705609240799934,0.01257253159794291,Null Gene
SCOC,0.0416636850033587,-0.018312209461776016,DVG
RPS3A,0.15908067624267846,0.02037517735354799,Null Gene
FBXW7,0.0779782906365431,0.0038727577242949496,DVG
TRIM2,0.04970769571180887,-0.006257361228353883,DVG
GUCY1B1,0.05288886670130406,0.015244651309044907,DVG
GLRB,0.054653477380277,0.01627849086283512,Null Gene
GRIA2,0.0929382203493322,0.032509719118133114,Null Gene
MSMO1,0.02415389450126921,0.002658111283185436,Null Gene
CPE,0.1537775155297606,-0.0005988194110419981,DVG
SCRG1,0.10176422918772589,0.0525441494951735,Null Gene
GPM6A,0.20049470856668014,0.030039406809085907,DVG + Field aligned
SLC25A4,0.07996829301290116,0.006583527434772271,DVG
SDHA,0.03114952294936893,-0.0074909405494041036,Null Gene
PDCD6,0.029264350333911483,-0.0047298972876436566,Null Gene
TPPP,0.059085474823923324,0.014250221224058035,DVG
NDUFS6,0.04631118316040765,-0.003899964984699565,Null Gene
UBE2QL1,0.0588072897163852,0.0066827057878539485,DVG
MARCH6,0.05952240217768229,-0.0019054735799287513,Null Gene
CTNND2,0.07665266424800281,0.022125257859659495,Null Gene
BASP1,0.16147817974739626,0.003802105040641693,DVG
SUB1,0.0983743990118514,0.022421664562901154,Null Gene
SLC1A3,0.0783298328762909,0.02265289228185925,Null Gene
RPL37,0.16909576732670062,0.009314698758224684,Null Gene
HMGCS1,0.048177053197292714,-0.005713149982206717,DVG
MOCS2,0.03525774484530441,0.002100537946128785,Null Gene
RAB3C,0.05407940012580007,-0.0014114036854309291,DVG
PIK3R1,0.05759437254449005,0.014091803530756073,Null Gene
CARTPT,0.051144415992478105,0.046824069424022334,DVG
MAP1B,0.21445864079898025,0.0632775396031841,DVG + Field aligned
BTF3,0.05822139750293367,0.0003705332879035568,Null Gene
ENC1,0.19350455248313053,0.06899761222247239,Null Gene
HMGCR,0.05903145951324244,0.012617044082564116,Null Gene
TBCA,0.06177881412334441,0.011701760669855878,Null Gene
RPS23,0.13971768515788036,0.015299016624221047,Null Gene
COX7C,0.2013872937389407,0.020361966930686065,DVG + Field aligned
MEF2C,0.08920706728372971,-0.005080798189924468,DVG
PJA2,0.09399778113616827,0.006433825811796727,DVG
NREP,0.028816679409539983,-0.00024204513148769706,DVG
REEP5,0.0918243537500057,-0.0024603895065515744,Null Gene
HINT1,0.17679470488712243,0.008704402923171324,DVG
CDC42SE2,0.02687986676499937,-0.001331129053790841,Null Gene
KIF3A,0.04840007892549391,0.00193774476322484,Null Gene
SEPT8,0.04972574796301896,0.003987467142031618,DVG
UQCRQ,0.16519279602910328,0.0166302985107982,Null Gene
VDAC1,0.0892983099368354,0.00837033683022246,Null Gene
SKP1,0.15040282570546365,0.02387987153488725,Null Gene
PPP2CA,0.07705587239224997,0.013220441867451433,Null Gene
UBE2B,0.034866603021319366,0.00399885568244248,DVG
CXCL14,0.03568774137313534,0.03644783844771605,Null Gene
SPOCK1,0.06504522660990439,0.013315081402654807,DVG
HNRNPA0,0.03712075159033238,-0.004261187006939701,Null Gene
REEP2,0.05827127149569257,0.024289539608970435,Null Gene
HSPA9,0.04730380455121577,0.007078976701062065,Null Gene
PAIP2,0.04871937237098438,0.007706490872807418,Null Gene
UBE2D2,0.026558876574114543,-0.015377197217464715,Null Gene
CXXC5,0.020866386015158573,-0.00770830081556652,Null Gene
NDUFA2,0.044248489414622325,-0.004606868571780095,Null Gene
ZMAT2,0.05035602119192445,0.013835120522683984,Null Gene
NDFIP1,0.1294165982759313,0.02795709884548026,Null Gene
PPP2R2B,0.025502353542777915,-0.009835191074422784,DVG
CSNK1A1,0.018315793892912845,-0.014566379338030875,Null Gene
CAMK2A,0.0965512237035313,0.022490285590037164,Null Gene
CD74,0.06966978432698807,0.06579104305849723,Null Gene
RPS14,0.16539635199819575,0.020698461684096028,Null Gene
SYNPO,0.03217299709759845,0.008404278540834436,Null Gene
ANXA6,0.12266816328367756,0.040099931195618874,Null Gene
ATOX1,0.05486218724094919,0.008225384589737258,Null Gene
LARP1,0.03465281001562802,-0.011735718445678152,Null Gene
CYFIP2,0.06391258769694881,-0.00014178371243062579,Null Gene
GABRB2,0.08996942097736697,0.018054206922762776,Null Gene
GABRA1,0.1201848315519998,0.013108039445538526,DVG
GABRG2,0.04624581454320749,-0.0029747629177028323,DVG
NPM1,0.05189353227261347,0.020709326803472893,Null Gene
NSG2,0.07877613628371538,0.01623631938901507,Null Gene
CPLX2,0.057788246498899506,0.02233131270940272,Null Gene
HIGD2A,0.042545658967439455,0.007058673478539217,Null Gene
CLTB,0.06827114639806989,-0.004927564189713123,Null Gene
SNCB,0.14166710419253417,0.021698580852107196,DVG
PRELID1,0.03302587617432052,-0.0014521923759717955,Null Gene
NHP2,0.07522112765530313,0.009525211502725941,Null Gene
HNRNPH1,0.026340735558049916,1.8157028985051951e-07,Null Gene
CANX,0.04980213607229242,0.003580232129247764,Null Gene
SQSTM1,0.04636360634423355,-0.001657993761640338,Null Gene
MAPK9,0.046580903503921314,-0.010022095550470877,Null Gene
RACK1,0.05313332617854543,0.008536047518638595,Null Gene
TUBB2A,0.20665036721964486,0.04786526234422559,DVG + Field aligned
TUBB2B,0.03723555265627563,0.006103860039131525,Null Gene
NRN1,0.08706389655123281,0.013027247774288398,DVG
PHACTR1,0.050234023096334846,0.01795279391409713,DVG
CAP2,0.06233023986399927,0.004381767888522408,Null Gene
NRSN1,0.03796700569523238,0.006718530087767058,DVG
C6orf62,0.03661291713403277,0.015978778653855823,Null Gene
GABBR1,0.04913457976695759,-0.007851506306224025,Null Gene
HLA-A,0.06339444816090609,0.052256365667776555,Null Gene
TUBB,0.12085293798171473,0.030289199920427338,DVG
FLOT1,0.04366287651127969,0.002207879099133821,Null Gene
HLA-C,0.05031128086698568,0.028154013247401688,Null Gene
HLA-B,0.051255889991301706,0.032296884897007265,Null Gene
ATP6V1G2,0.07346767861489106,-0.006932673240886771,Null Gene
CSNK2B,0.025326897796037615,-0.008985466176753637,Null Gene
PRRT1,0.036495340803306325,-0.0029516533847677206,Null Gene
RPS18,0.10525131537774383,0.015444817311371812,Null Gene
CUTA,0.058542879896834474,-0.00025559819158837543,Null Gene
SMIM29,0.022834921851303192,-0.0063526269837627805,Null Gene
NUDT3,0.02308921901876904,-0.010935452864975933,Null Gene
RPS10,0.09814640236614935,0.004578689642027106,Null Gene
PACSIN1,0.06099720293990223,0.0068189077540401575,Null Gene
RPL10A,0.05722453879962525,-0.0043178771402328855,Null Gene
SRSF3,0.00558563946340258,-0.02175813324016018,Null Gene
MTCH1,0.12834304221165035,-0.005064608985469992,DVG
MEA1,0.03723310115215187,0.0014215643297827657,Null Gene
KLHDC3,0.05769401994567894,-0.005842828784037161,Null Gene
HSP90AB1,0.18102513081553195,0.018204655295956402,DVG
RCAN2,0.07383254462136475,-0.001341228451034671,DVG
TMEM14A,0.05478730038553323,-0.001965177795994267,Null Gene
FBXO9,0.037005256178694546,-0.010766361621602313,DVG
DST,0.02764795543359185,-0.006742547393069635,Null Gene
EEF1A1,0.1819993818300868,0.04280239930965233,Null Gene
COX7A2,0.1442084007676956,0.010777836018425547,Null Gene
TMEM30A,0.05809441216087667,0.008785520349576102,Null Gene
SNAP91,0.0736544531946041,0.012245850976075055,DVG
SNX3,0.09439502169606659,-0.009301948165783922,Null Gene
WASF1,0.07466050390291876,0.020591672909661442,Null Gene
MARCKS,0.0808160562292325,0.02057960305714457,Null Gene
TSPYL4,0.04501704078888166,0.006146364705578587,Null Gene
TSPYL1,0.10750831047086779,0.019246410399228808,Null Gene
GJA1,0.04011971947457672,0.009435385501471327,Null Gene
SERINC1,0.1286541175298986,0.020046675261241723,DVG
NCOA7,0.013973272611284865,-0.01806376805070044,DVG
RPS12,0.1872976370592989,0.021734233338985182,Null Gene
PCMT1,0.09055952726155757,-0.004120023719819749,Null Gene
TCP1,0.03217237308956276,-0.004633982471132315,Null Gene
QKI,0.02497245724688112,0.002873055898916225,Null Gene
PSMB1,0.03615452931899859,0.0050823663417571795,Null Gene
PRKAR1B,0.12068009710671651,0.009395618038854522,Null Gene
C7orf50,0.032833217900835716,0.005444158446897887,Null Gene
ACTB,0.17458471570391498,0.016540886864737064,Null Gene
FSCN1,0.03386624229942781,0.014078155361387564,Null Gene
RAC1,0.08205850232604396,0.010383704318211923,Null Gene
NDUFA4,0.2981339080216445,0.032623057751050295,DVG + Field aligned
TSPAN13,0.023252361475456243,-0.018345583325447435,Null Gene
RAPGEF5,0.05198491166192823,0.010909642206611284,Null Gene
TOMM7,0.1372277206729814,0.007444385135628396,Null Gene
CYCS,0.08917786213423619,-0.006170464698899148,DVG
HNRNPA2B1,0.058764035401635085,0.003371334892433429,Null Gene
SNX10,0.06245925915072305,0.007328320983347748,DVG
TAX1BP1,0.04381047467222597,0.003964053445069245,Null Gene
SCRN1,0.04149407640547056,-0.006024302073243739,Null Gene
MTURN,0.05106253269103216,-0.004637302055791744,DVG
SEPT7,0.09276134506101326,-0.0009776304153614212,DVG
ELMO1,0.03649589499281893,-0.0035464783328131226,Null Gene
EPDR1,0.06281182254778923,0.005277786698138643,DVG
AMPH,0.036452391252067486,-0.0034368660649465054,DVG
CAMK2B,0.06850672655406082,0.021371585507769096,Null Gene
NUDCD3,0.03332254325424306,-0.006804744383263231,Null Gene
PPIA,0.22592058182139058,0.011622074224240015,Field aligned
H2AFV,0.018857284074176958,-0.010198043042070403,DVG
ADCY1,0.049065386053112746,0.002836368341070437,Null Gene
SEC61G,0.061429008365644334,0.014479052499374801,Null Gene
CHCHD2,0.11045731666541984,0.003362489257218509,Null Gene
STX1A,0.0669880416764717,0.011818662461588487,DVG
EIF4H,0.055824103729057134,0.0027576015522631937,Null Gene
GTF2I,0.06995932103727624,0.014128206284543966,Null Gene
RHBDD2,0.08572183243879056,0.010852197001349253,Null Gene
MDH2,0.044813174456775705,-0.008809712882694791,Null Gene
HSPB1,0.04619336731948087,0.02708506612944415,Null Gene
YWHAG,0.16350819903373548,0.020354656373272502,DVG
SRI,0.04995528315701306,2.9768848979117066e-05,Null Gene
DYNC1I1,0.06377856074681634,0.009172356780719568,DVG
SEM1,0.008940984662424415,-0.022939359758424805,Null Gene
BRI3,0.050076435533223704,0.015433828095651188,Null Gene
TMEM130,0.08000113722785815,0.011238380878105615,Null Gene
ARPC1A,0.03883606737407996,0.005463894101596659,Null Gene
ATP5MF,0.12158541390935339,-0.0010347663854956355,Null Gene
COPS6,0.03282401468925664,-0.009308684502281457,Null Gene
LAMTOR4,0.04160598127737062,-0.002333564354774206,Null Gene
TSC22D4,0.035158806314217854,0.013001333954796739,Null Gene
GNB2,0.03455934757821717,0.0012413757225223855,Null Gene
AP1S1,0.05689775285159721,0.009334785079790327,Null Gene
VGF,0.04821599417728177,0.003894744305669781,DVG
ZNHIT1,0.01967748066926921,-0.00917268675646573,Null Gene
FIS1,0.10218919721825137,0.01562710964952805,Null Gene
SRPK2,0.02932470773155401,-0.0038787280321781535,DVG
NRCAM,0.06135700595925308,0.0016100744322044293,DVG
CAPZA2,0.03356455410647056,-0.010024440944322179,Null Gene
FAM3C,0.06320654201323883,0.01802032650036245,DVG
NDUFA5,0.08400920918114936,0.010649937477794759,Null Gene
WASL,0.034548168447131426,0.005913497743432065,Null Gene
ARF5,0.03806965384371384,-0.000725946986381125,DVG
ATP6V1F,0.07023072872675398,0.004698848700210558,Null Gene
AKR1B1,0.02085467997112991,-0.002377668413856854,Null Gene
MTPN,0.062485604131710684,0.015407454525699213,Null Gene
PTN,0.031225117793332414,0.013260602345788493,Null Gene
NDUFB2,0.13757497496120247,0.0018183551705998114,Null Gene
EPHB6,0.04846462618475778,0.015658784766500466,DVG
ATP6V0E2,0.07675178182792217,0.0032327980664782984,Null Gene
CDK5,0.04293626813607536,0.007692734185862654,Null Gene
AGAP3,0.04043676582062459,-0.009387844270852605,Null Gene
RHEB,0.06626826256200286,0.0053382026562396765,DVG
DPP6,0.029311276352635834,0.0060458783771000155,Null Gene
DNAJB6,0.048592952589699354,0.007664440870534555,Null Gene
PTPRN2,0.04326940566564545,-0.006602723908795658,Null Gene
SLC25A6,0.06707355955198169,0.0026367684264770224,Null Gene
TMSB4X,0.23014937347311545,0.03514364287101785,Field aligned
GPM6B,0.07577708821639044,0.009050670836574886,Null Gene
EIF1AX,0.025757916392306086,-0.004063716134214961,Null Gene
CNKSR2,0.03909627379044347,0.007610123958717392,Null Gene
TSPAN7,0.13577619795508766,-0.006597710206307534,DVG
ATP6AP2,0.08127043288561507,0.010779062837693013,DVG
DDX3X,0.05366296493646794,0.023786671519372003,Null Gene
NDUFB11,0.08628163617098655,0.020796800569950088,Null Gene
UBA1,0.03531178465731489,-0.012942602727567193,Null Gene
USP11,0.0526498219288563,0.024037620471543123,Null Gene
SYN1,0.11348704980395967,-0.007161697626571563,DVG
PCSK1N,0.1754867297992244,0.014419110671541498,Null Gene
SYP,0.10132232944078948,0.0051649458714698995,DVG
MAGED1,0.05411140409527911,-0.004917362355393295,DVG
TSPYL2,0.02347256369469068,-0.0016340621535647754,Null Gene
MAGED2,0.031858683910912615,-0.008044414385067245,DVG
UBQLN2,0.031621901145295124,0.005028202927519123,Null Gene
RPS4X,0.09705182331269632,0.002473055240556666,Null Gene
NAP1L2,0.06597171193033438,0.005289384893051969,DVG
COX7B,0.12448316351778295,-0.00021953102084503918,Null Gene
PGK1,0.09177503267137734,-0.00021817588829995367,Null Gene
NAP1L3,0.05715504812977824,0.00661877667348556,Null Gene
RPL36A,0.07252019795517141,0.0033934349727532346,Null Gene
HNRNPH2,0.03718951713988656,0.0037414528776476383,Null Gene
TCEAL2,0.06036822335375452,0.013449878005314265,Null Gene
BEX5,0.0880848214633276,0.0034613255804235308,Null Gene
GPRASP1,0.04277293137240791,-0.0015321362352385182,DVG
BEX1,0.12943822568062116,0.005955528527213882,Null Gene
BEX4,0.0758676320146386,-0.004694205330940635,DVG
BEX2,0.10000584726201282,0.006699915558890567,DVG
TCEAL7,0.040649345504581505,-0.009170628520804755,DVG
BEX3,0.1760747183906487,0.019201994245509505,Null Gene
TCEAL4,0.04887612519889699,0.01053425578561191,Null Gene
TCEAL3,0.05796691697660204,0.03454483644909702,Null Gene
MORF4L2,0.07619693635340606,0.007563039681827119,DVG
PLP1,0.13272126650370594,0.0912664431396898,DVG
PGRMC1,0.06084359441965887,0.014698761803932592,DVG
SLC25A5,0.06512420806761199,0.008766239634460413,Null Gene
RPL39,0.15620873140022698,0.027374754586422467,Null Gene
NDUFA1,0.0990688520619159,-0.0072365377966694825,Null Gene
HPRT1,0.0572793920305214,-0.007824298525603403,Null Gene
RTL8C,0.11221832475544662,0.009918698314600145,Null Gene
SLC9A6,0.05681023708820666,0.011752317732923855,DVG
FHL1,0.004125452087505716,-0.022196982257261053,DVG
IDS,0.14853919875585547,0.02392383297953876,DVG
CD99L2,0.043025064416465274,0.01183128330602746,Null Gene
BCAP31,0.05378419691919563,0.02393039850901746,Null Gene
SSR4,0.033085370973836285,0.004479910045391165,Null Gene
PDZD4,0.04014722881256877,0.007961891609662253,Null Gene
RPL10,0.128133908624012,0.029994926503477494,Null Gene
ATP6AP1,0.0675434039806381,0.009819891758960198,Null Gene
GDI1,0.103778394891254,0.007501395079482577,Null Gene
LAGE3,0.02232633598571957,-0.0044230161174561205,DVG
FDFT1,0.04939388910901866,0.020751737227124555,Null Gene
CTSB,0.06910543784904194,-0.015154782435603345,Null Gene
ASAH1,0.013408576282493888,-0.015813791706412606,Null Gene
PSD3,0.03886084962974507,-0.003619962667317904,Null Gene
ATP6V1B2,0.06670760640098829,-0.0035270975194536913,DVG
DMTN,0.070714288835385,-0.0018596602026617099,Null Gene
LGI3,0.04317515295914221,0.0018528286319543738,Null Gene
PHYHIP,0.09842220572549217,0.00970683982416344,Null Gene
NEFM,0.15578320749519559,0.07871633931829465,DVG
NEFL,0.24582417587188363,0.10210100254769917,DVG + Field aligned
BNIP3L,0.04199877994723747,0.00598633881212613,Null Gene
PNMA2,0.08610380487950482,0.001230204116619142,DVG
DPYSL2,0.14554669857342573,0.00440605537560604,DVG
STMN4,0.04807509878592185,0.008097687367642369,Null Gene
PTK2B,0.05476076436693212,0.013686285104784578,Null Gene
CLU,0.24521426992360107,0.041364096985896215,Field aligned
SARAF,0.14250820239951117,0.004679349415236946,DVG
PPP2CB,0.05931798760425186,0.007303093766871404,DVG
TACC1,0.02416503590754369,-0.012704687675773482,Null Gene
VDAC3,0.04106076701456308,0.00013905790581891043,Null Gene
UBE2V2,0.04546976973947601,-0.009980542087207875,Null Gene
ATP6V1H,0.04936426306905099,-0.0006826219528571152,Null Gene
RPS20,0.07000731947358477,0.010435784419253292,Null Gene
SDCBP,0.032719205120255744,-0.0024297086066660577,Null Gene
RAB2A,0.052995986243465416,0.0098647522422877,Null Gene
ASPH,0.031962231344559916,-0.002110582067420551,DVG
VXN,0.04965487560355657,0.024428708145636076,Null Gene
RPL7,0.1009910095156246,0.012843189845345908,Null Gene
ELOC,0.06334412449460777,0.009970991439071233,Null Gene
STMN2,0.1964928147799192,0.038509713606487,DVG
TPD52,0.05679352693014929,-0.00033100619523885455,Null Gene
FABP5,0.022012780490514503,0.0012055660762615393,DVG
C8orf59,0.028135013082213667,-0.009388569805550535,Null Gene
NECAB1,0.102794019246466,0.015806353463479833,Null Gene
PDP1,0.06324878681412048,-0.002700765971596983,Null Gene
UQCRB,0.16417989220485146,0.006139287319299863,Null Gene
RPL30,0.1390496746851309,0.013627392089477384,Null Gene
COX6C,0.30036575025730006,0.2099241771484931,SVG
POLR2K,0.0550292825358922,-0.0021629053713045805,Null Gene
PABPC1,0.030537526755939237,0.01931555407737658,Null Gene
YWHAZ,0.16413568258580555,0.025714180357221176,Null Gene
NCALD,0.11314644973432308,0.021292633972643138,Null Gene
AZIN1,0.030654285988735604,-0.011239967136458914,DVG
ATP6V1C1,0.05382883605901174,0.010412569886313285,DVG
BAALC,0.06764372885764937,-0.0054469797466342096,Null Gene
OXR1,0.07789330429067129,-0.0022360196929424618,Null Gene
EIF3H,0.029397180230287395,0.0007006233175285448,Null Gene
MAL2,0.04322705936039081,0.008881557547151265,Null Gene
NDUFB9,0.09877696209845982,0.005104126498274424,Null Gene
EFR3A,0.03282975602537647,0.00021863685881481231,Null Gene
KHDRBS3,0.04362453937324954,0.009489252917096692,DVG
LYNX1,0.049476809222700056,-0.001762576490031757,Null Gene
LY6E,0.06936530682005626,0.0011562856813075483,Null Gene
LY6H,0.09392896402060769,0.021384859169468563,Null Gene
GRINA,0.09595744065829434,0.007127484364807994,Null Gene
CYC1,0.04516726150841555,-0.001399015717110803,Null Gene
VPS28,0.03171583734507501,0.0076456963954068865,Null Gene
KIFC2,0.022239337315718193,-0.0024398713726553334,Null Gene
RPL8,0.12834378120935835,0.013849981438963977,Null Gene
SMARCA2,0.029881710518012194,-0.0023913067846444386,Null Gene
DMAC1,0.011823582624596181,-0.016183732312083664,Null Gene
PSIP1,0.04961665563191162,0.011453317051145405,Null Gene
SH3GL2,0.07693444887869104,0.007438475812187927,DVG
RRAGA,0.03683124315680044,-0.008812304722439013,DVG
RPS6,0.08788829982129831,0.01612609870306766,Null Gene
SLC24A2,0.0628515469686779,0.010772666813009122,DVG
NDUFB6,0.047856020912521356,-0.0070166239725280985,Null Gene
DNAJA1,0.05638197630969271,-0.012945596034206325,Null Gene
CHMP5,0.03178451528381792,0.00511086230418236,Null Gene
ENHO,0.0701074154543729,0.007457901470435687,Null Gene
DCTN3,0.039744994880713425,-0.009648317861966385,Null Gene
PHF24,0.009508612536089367,-0.0214596357945381,DVG
VCP,0.033883743252471704,0.001993958891137392,Null Gene
CLTA,0.050543104568287714,0.00024425375851824154,Null Gene
GDA,0.048025647273806656,0.014848844755597819,Null Gene
ZFAND5,0.07205840126921358,0.012431515079315768,Null Gene
GNAQ,0.05107483998729556,0.013646531278133575,Null Gene
UBQLN1,0.05424415783647555,0.014017670199924583,Null Gene
HNRNPK,0.08427522772595662,0.006718251789291243,Null Gene
NTRK2,0.08508636845193077,0.016867565512930286,Null Gene
SPIN1,0.035997104940238576,0.0083023726558894,Null Gene
DIRAS2,0.07224455619267207,0.014712835792760906,DVG
HABP4,0.05003556784874335,0.005217794449505283,Null Gene
GABBR2,0.06276746924250286,-0.012200233094297587,Null Gene
SEC61B,0.03246115930827525,0.0016573412091672472,Null Gene
FRRS1L,0.052404106001770846,0.016722339144469033,Null Gene
TXN,0.10734392595051642,0.015415118703485026,Null Gene
ATP6V1G1,0.06632969741987206,0.023746331349391057,Null Gene
RAB14,0.03263377083931237,-0.008053087812213481,Null Gene
GSN,0.014985070634258016,0.01073676857295576,Null Gene
NDUFA8,0.03904077809481921,-0.02713605999647282,Null Gene
PSMB7,0.024818743432544612,-0.015543819969764136,Null Gene
RPL35,0.12549637107334732,0.006860631920625519,Null Gene
ARPC5L,0.054495424142839886,0.02202944782809507,Null Gene
HSPA5,0.059193543017952294,0.019014715029587327,Null Gene
RPL12,0.09773026704036944,0.02243314143569214,Null Gene
STXBP1,0.14369932296379603,-0.007391410062826525,DVG
C9orf16,0.14251464785792375,0.002470230977729573,Null Gene
DNM1,0.13571550493082093,0.011365246530482882,Null Gene
SPTAN1,0.10320646122843594,0.013717947972939803,Null Gene
SET,0.05001437662620841,0.010716769574310296,Null Gene
SH3GLB2,0.03713774886245479,0.005879538571184544,Null Gene
PTPA,0.025693588175786406,-0.004982720514481014,Null Gene
NCS1,0.05510259543314418,0.015419717617187577,Null Gene
PRRC2B,0.03422336948485183,0.007707604295832294,Null Gene
RPL7A,0.16664209160161367,0.022384557013987047,Null Gene
OLFM1,0.24049592497961345,0.022931499458285532,DVG + Field aligned
EGFL7,0.046854401858142325,0.01951357146537509,Null Gene
TMEM141,0.04740985619510686,0.014914546182582101,Null Gene
PHPT1,0.048649754258035714,0.001632914300607923,Null Gene
EDF1,0.07191745904929278,0.00014332901000512537,Null Gene
PTGDS,0.11615491533981123,0.04840279914275474,Null Gene
NPDC1,0.04593273186880011,-0.013622391724401509,Null Gene
GRIN1,0.09964522612658003,0.02982459609913456,Null Gene
RNF208,0.015721249482617713,-0.006848605826636158,Null Gene
TUBB4B,0.08186550778947213,-0.00030193757951781834,Null Gene
NSMF,0.05043998368401258,0.014196886213744802,Null Gene
MRPL41,0.07387676803610942,0.013399668381367717,Null Gene
IFITM3,0.038252355100448054,0.02766142223473283,Null Gene
HRAS,0.041084304733640546,0.011097683035363513,Null Gene
CEND1,0.08909314574089237,0.016553788508259327,Null Gene
SLC25A22,0.020504489670641175,-0.019756339714652082,DVG
RPLP2,0.15048498882846145,0.017031952317395103,Null Gene
POLR2L,0.06379672524180131,0.004165499530559116,Null Gene
AP2A2,0.03656945978238658,0.00945262263922698,Null Gene
TOLLIP,0.12275311915386217,0.04173278270278147,DVG
CTSD,0.12430566563841247,0.03469147662819825,Null Gene
CD81,0.048591004542045305,-0.002610177222297089,Null Gene
APBB1,0.07660003942408941,0.007341047036902049,Null Gene
TAF10,0.036870567484145945,0.01309052350380013,Null Gene
RPL27A,0.057924321086376,0.017702621384262984,Null Gene
MTRNR2L8,0.4281608055387243,0.13236883542998018,Field aligned
EIF4G2,0.086758979242441,-0.002478583491961483,DVG
DKK3,0.1308444092855156,0.03273903256452072,DVG
MICAL2,0.059286721016576754,0.02798599611462092,DVG
PSMA1,0.06585295948626427,0.018405378707763237,Null Gene
RPS13,0.1426657940784905,0.022934108369641035,Null Gene
LDHA,0.08495773279632851,0.006014420338457939,DVG
KIAA1549L,0.05568041246329411,0.018064593857675903,Null Gene
CD59,0.058187042794376274,0.01702091060984038,Null Gene
SLC1A2,0.15403635840327645,0.03654125372403928,Null Gene
SYT13,0.034137807806837075,-0.010710010470141319,Null Gene
MAPK8IP1,0.03784757067546513,0.008283669380129583,Null Gene
DGKZ,0.04946917384882634,0.000923463623285498,Null Gene
MADD,0.038247811432424575,0.007845513100583604,Null Gene
PSMC3,0.0239514686580561,-0.004826995444220151,Null Gene
NDUFS3,0.047963163852743115,0.010362569148473432,Null Gene
C1QTNF4,0.04670615163406891,0.010733420227217683,Null Gene
SELENOH,0.08341345710773006,0.013169269021766367,Null Gene
TMEM132A,0.018796880808475462,-0.0009757821889774759,Null Gene
DDB1,0.043503412368089425,0.013456040318936397,DVG
SYT7,0.03743445757729866,0.00980020867913477,Null Gene
TMEM258,0.0371794988077562,-0.00862097338800588,Null Gene
FTH1,0.39304490672233683,0.08158371817144507,Field aligned
SCGB1D2,0.4160454194962362,0.40273939468920555,SVG
SCGB2A2,0.6028637872864331,0.5808284395893204,SVG
GNG3,0.13631377078954807,-0.0020077825667557327,DVG
RTN3,0.2171112629842765,0.04295360571370817,DVG + Field aligned
COX8A,0.1325262474763331,0.0157254165662154,DVG
OTUB1,0.042151886874074,0.005946371176027715,Null Gene
FKBP2,0.03517992414933697,-0.0023218616163655434,Null Gene
BAD,0.036010857866312224,-0.003887802608621051,Null Gene
TRMT112,0.043949782684158556,-0.00033404766100575005,Null Gene
PRDX5,0.15321510827849327,0.021495036846321203,Null Gene
ARL2,0.0739027587681363,0.008379456954240291,Null Gene
FAU,0.1452574276420347,0.012411283789013378,Null Gene
MALAT1,0.36133441774488906,0.38201662730235175,SVG
CFL1,0.16964348308709265,0.0017733342253154285,DVG
CCDC85B,0.11001729758791852,0.01645657773764754,Null Gene
DRAP1,0.032924207879182585,-0.008086666899737745,Null Gene
BANF1,0.03279169141463719,-0.00028918205092132913,Null Gene
CNIH2,0.043796289616926956,-0.0020398072863967638,Null Gene
B4GAT1,0.09019465341849103,0.0045101646432051815,DVG
CTSF,0.03722491040053177,0.006309361894194916,Null Gene
GSTP1,0.04708103136839675,0.018444020418379583,Null Gene
NDUFV1,0.042257298608252836,-0.007719885227818631,Null Gene
NDUFS8,0.055627452401219156,0.007780856859823423,Null Gene
LAMTOR1,0.036798008433192295,0.004754889393155397,Null Gene
PDE2A,0.05001792036489171,0.01694726505529749,Null Gene
PLEKHB1,0.016024159144019234,0.0007706879233096727,Null Gene
RAB6A,0.0719202105228216,0.00249885423148427,Null Gene
PGM2L1,0.027202213029378138,-0.0005408158034981574,DVG
SPCS2,0.03878767678105892,0.00045910087104172485,Null Gene
RPS3,0.07052193921151681,0.005571878991242131,Null Gene
PAK1,0.0825730221876733,0.014016705836494944,Null Gene
NDUFC2,0.08313745786446808,-0.009467351347202068,Null Gene
ELMOD1,0.03420196957342692,0.0073283865959257195,Null Gene
C11orf87,0.057514213001754425,0.001332215520919195,Null Gene
CRYAB,0.07118366248440051,0.044609295115103545,DVG
NCAM1,0.05717138482329247,0.016073548217121335,DVG
PAFAH1B2,0.029687180214386745,0.007915391484597486,Null Gene
FXYD6,0.08188300545896138,0.007233875483856885,DVG
ATP5MG,0.09566123145646392,-0.013069027551363922,Null Gene
RPS25,0.12348799581134655,0.0028071110310757385,Null Gene
THY1,0.190994337960181,0.034643811287988935,Null Gene
SORL1,0.04716810467146552,-0.0007733285715590735,DVG
HSPA8,0.20992588915230634,0.015919807236296914,Field aligned
SCN3B,0.06672539445009368,0.03126881257810258,DVG
NRGN,0.27538539588407474,0.05517595658773909,Field aligned
FEZ1,0.026409902950739386,-0.00996022048388054,Null Gene
APLP2,0.08703184624012165,-0.0076383841480177185,Null Gene
NTM,0.03880647902998128,0.006808505141822411,Null Gene
B3GAT1,0.011908583035901157,-0.012582636805263902,Null Gene
IDI1,0.058140463418082426,0.012795403613616634,Null Gene
PFKP,0.09106541779151213,0.0342900639774265,DVG
GDI2,0.017233503577092458,-0.0036860291897607084,Null Gene
ATP5F1C,0.056296779919073676,0.005228869102968483,Null Gene
CELF2,0.054029827858788536,0.015676991215680485,Null Gene
CAMK1D,0.052360031247372346,0.019301839709914264,Null Gene
OPTN,0.06080100015771002,0.0055197982660508856,Null Gene
VIM,0.04215104706048759,0.03417803649444555,Null Gene
CISD1,0.051433150540858175,-0.004475735418292672,Null Gene
PHYHIPL,0.019072866852192477,-0.014092085555708355,DVG
HK1,0.0624104594117613,0.009410040571929647,Null Gene
PPA1,0.05668205485723368,0.01057490148953381,Null Gene
PSAP,0.15899933522054635,-0.006530238005838381,Null Gene
SPOCK2,0.0395571880361802,-0.003525805840570802,Null Gene
ANXA7,0.04443078981297573,0.002748653504580667,Null Gene
PPP3CB,0.077940998974151,0.007483403819461414,DVG
CAMK2G,0.04934635894534228,0.0027602853001091276,DVG
VDAC2,0.06387020465393753,0.008454116281008537,Null Gene
RPS24,0.16058175005110892,0.04416513491059929,Null Gene
FAM213A,0.053234764133853016,0.007206070256799897,Null Gene
GHITM,0.11234452991817671,-0.003160028463040695,DVG
SNCG,0.1429086381985616,0.06827924072198667,DVG
ADIRF,0.03527115809317922,0.029163561166855007,Null Gene
GLUD1,0.030330902885641327,0.0020967252427348216,Null Gene
PGAM1,0.1605200511470179,0.012603160227015586,DVG
GOT1,0.09594399828230984,0.012827412971084612,DVG
SCD,0.02813139415822228,0.005046596201474677,Null Gene
NDUFB8,0.11849769117119566,0.013217101803547475,DVG
OGA,0.03181576172173181,-0.00951218586753518,Null Gene
PSD,0.054278717748967226,0.006159727378969418,Null Gene
CUEDC2,0.04046233495306701,0.007335374745424718,Null Gene
ACTR1A,0.047213032311921733,0.002554760340976833,Null Gene
INA,0.0909320190448355,0.018519284061898775,Null Gene
ATP5MD,0.22814403874171882,0.026454776436420024,DVG + Field aligned
GSTO1,0.04066616748136359,-0.007493941985392291,Null Gene
HSPA12A,0.03305720676169677,-0.013212127473199919,DVG
PRDX3,0.030321398437999462,0.004022549995714517,DVG
INPP5F,0.047981814920277255,0.0013409372425503099,Null Gene
HTRA1,0.036977786552357596,-0.007512066946069354,Null Gene
OAT,0.0703056037569204,0.014727783108025342,Null Gene
BNIP3,0.07104735317179343,0.00660869934129375,DVG
CALY,0.09434983061186127,-0.002564277961339443,DVG
ECHS1,0.055418923558275046,0.018979207052907662,Null Gene
CCND2,0.049534972641709724,0.01637013881876396,Null Gene
MRPL51,0.018616036887906705,-0.015451786189760314,Null Gene
GAPDH,0.29797129821678564,0.03696861321170626,Field aligned
MLF2,0.05075655539248207,-0.012767010481405962,Null Gene
PTMS,0.07338733534117757,0.0198218732085906,Null Gene
TPI1,0.16390985894886195,-0.0009468364448242323,DVG
ENO2,0.13981123213385244,0.015082616073383558,DVG
C12orf57,0.06985428495116529,0.011588234163290691,Null Gene
CLSTN3,0.025072289062599232,-0.010570121085965984,Null Gene
GABARAPL1,0.08381545215160104,0.011960951480132502,Null Gene
MGP,0.41417590974567636,0.407961222808867,SVG
STRAP,0.027587515835986193,-0.005285718925481654,Null Gene
LMO3,0.05634242055894403,0.00917336890171006,Null Gene
LDHB,0.16496744596944535,3.957102285675635e-05,Null Gene
DNM1L,0.035222480156754936,0.0019114805193011966,Null Gene
KIF21A,0.04356459384808785,-0.008818887811033885,DVG
CNTN1,0.06398744382934946,-0.011546932445674842,DVG
NELL2,0.0892966185928165,-0.0028576147444409807,DVG
PFKM,0.04111956359797656,-0.0048331664933501444,Null Gene
ARF3,0.09437544676531659,0.0020146006535170066,Null Gene
DDN,0.033425135479165306,0.0021853125107396385,Null Gene
TUBA1B,0.3298093574534099,0.1089927920767583,DVG + Field aligned
TUBA1A,0.17080132202253118,0.0168474314806468,DVG
TMBIM6,0.058152322896533507,0.01847061125830772,Null Gene
FAIM2,0.11140023751310979,0.014429269183097213,Null Gene
COX14,0.06723544399101083,0.0025226934127902793,Null Gene
DAZAP2,0.01920260688531446,0.00028264779895577997,Null Gene
EIF4B,0.009543283945460211,-0.002308075498777437,Null Gene
SPRYD3,0.05532273292218534,0.0075896303745106265,DVG
PFDN5,0.09796959644804193,0.010201979723189874,Null Gene
PCBP2,0.05296444929938715,-0.010127409167015492,Null Gene
ATP5MC2,0.07911846971005111,0.0175478068384398,Null Gene
HNRNPA1,0.07228277617682248,0.017404601944406035,Null Gene
TESPA1,0.06107141084700863,0.010797148492604788,Null Gene
BLOC1S1,0.04311227123602432,-0.01998948039458534,Null Gene
CD63,0.07570005078102361,0.019186017139431515,Null Gene
RPS26,0.1755700498225947,0.025692520409132367,Null Gene
RPL41,0.3057500119259198,0.05035646070040204,Field aligned
MYL6B,0.056869197958638366,-0.005595108588507089,Null Gene
MYL6,0.11359103328657431,0.035150345697552425,Null Gene
ATP5F1B,0.14950127886853753,-0.008290864442689313,Null Gene
PTGES3,0.06029939641867158,-0.010035543675768694,DVG
NACA,0.12498223890830003,0.019327679196524623,Null Gene
LRP1,0.033890192204632956,0.0022699471623807534,Null Gene
DCTN2,0.04812456200567477,0.009495317746551601,Null Gene
KIF5A,0.11025893347577904,0.010219060786917505,Null Gene
KCNMB4,0.036892837838121785,0.003062768872645202,DVG
ATXN7L3B,0.03105905901953564,-0.011549869490295423,Null Gene
NAP1L1,0.05385992589345215,-0.0032590452599071023,Null Gene
SYT1,0.20752301891886188,0.041740335360598874,DVG + Field aligned
PPFIA2,0.066655036553861,0.024876934110058226,Null Gene
ATP2B1,0.09784064495752727,0.028311408080870324,Null Gene
NUDT4,0.0796546388681666,0.012641850751118202,Null Gene
UBE2N,0.03970374957100969,0.0047956629659142375,DVG
NDUFA12,0.0759194365425111,0.010491323380730642,Null Gene
SLC25A3,0.10126217202679529,0.0002694620282449466,Null Gene
ANKS1B,0.04576461009428014,0.008859025991755658,Null Gene
HSP90B1,0.062472486018766774,0.025213396496922596,Null Gene
NUAK1,0.06115395137401413,0.01663602155953066,DVG
ISCU,0.09380096877759657,-0.004766022053664004,DVG
C12orf76,0.024579230916629082,-0.011348052130083615,DVG
ATP2A2,0.07519059050478241,-0.0025653126499484507,Null Gene
ARPC3,0.04595233894074987,0.0015508461065698242,Null Gene
ALDH2,0.036202868138032814,0.010336580374457924,Null Gene
RPL6,0.1834891335078658,0.043165484811967005,Null Gene
RPH3A,0.04725387860551712,-0.0017678174348543644,Null Gene
WSB2,0.09397555352069319,0.011739951249775294,Null Gene
PEBP1,0.1712172162483453,0.004178936975626008,Null Gene
RPLP0,0.07033327575813052,0.016625173276071367,Null Gene
COX6A1,0.22887643628406792,0.014997541040919079,Field aligned
DYNLL1,0.20286026937034515,0.04665381733313001,DVG + Field aligned
CABP1,0.12470122903029063,0.01639721234501026,Null Gene
CAMKK2,0.06638773965782489,0.018874920074085536,Null Gene
ARL6IP4,0.0646174078123541,0.01447215606975134,Null Gene
CCDC92,0.04294759558231107,0.009224281541032057,Null Gene
UBC,0.16812883450697508,0.01159380542521077,Null Gene
RAN,0.07278143807274572,0.00023327598370524846,Null Gene
SAP18,0.06314854919477415,0.004663508149608194,Null Gene
MRPL57,0.017009414766378794,-0.0036760189442435203,Null Gene
RPL21,0.10602924546013903,0.007872151893881808,Null Gene
POMP,0.06390649683508381,0.0058347912901373054,Null Gene
UBL3,0.043400160992865804,0.006674796474685739,Null Gene
HMGB1,0.08422980710239844,0.016750015654890565,Null Gene
HSPH1,0.07814539576723259,-0.0013517998393088543,Null Gene
DCLK1,0.10296337246966861,0.022234869075853765,DVG
AKAP11,0.06091316553564865,0.015830681002998975,DVG
SERP2,0.042604728079506694,0.003954977819402919,Null Gene
TSC22D1,0.15269500560825047,0.024958972778514943,Null Gene
TPT1,0.1266533394441622,0.025989762071696863,Null Gene
SUCLA2,0.05118158955185752,0.012095946767924732,DVG
ITM2B,0.21444775810233715,0.03989941902268879,DVG + Field aligned
PCDH9,0.024353229783289247,-0.012529883060229608,Null Gene
COMMD6,0.04003175775299277,0.002428309095605345,Null Gene
MYCBP2,0.03375945821121786,-0.008735330240025306,Null Gene
NDFIP2,0.06416136839954546,0.015918477654140863,DVG
MBNL2,0.04080068906788849,0.014352862128507634,Null Gene
RAP2A,0.04304383443006342,0.001034810328970886,Null Gene
LAMP1,0.01736085766248817,-0.007861861891050701,Null Gene
RNASE1,0.0047407772269742725,-0.0029517344913327914,DVG
NDRG2,0.07256481903252626,0.007140239619329904,Null Gene
HNRNPC,0.041127090032161015,0.00032533971246628314,Null Gene
DAD1,0.027160014151671442,-0.0037354689142606004,Null Gene
PSMB5,0.06809780877286505,0.003127952885319202,Null Gene
SLC22A17,0.11428717013835957,0.003967250551348134,Null Gene
JPH4,0.030693224154099637,0.005913741648275136,Null Gene
NEDD8,0.11152286392774352,-0.0028419056901210233,Null Gene
FKBP3,0.03734435561271198,-0.006062428942957685,Null Gene
RPS29,0.10589071506566645,-0.005633440146309344,Null Gene
RPL36AL,0.07020634420002776,0.011733723874397452,Null Gene
ATL1,0.07483965869847399,0.029028160833816187,Null Gene
GMFB,0.05705885850939841,0.0150523273193798,DVG
RTN1,0.24164490715846942,0.033377930118259326,DVG + Field aligned
ATP6V1D,0.03629916371337735,0.005702494406902773,Null Gene
VTI1B,0.03752492745455558,0.0025511008968915677,Null Gene
ERH,0.022964345057437253,-0.000343292773130913,Null Gene
SRSF5,0.049981309367221505,0.011346526727367408,Null Gene
PNMA1,0.07048659768150686,0.015242795354272984,Null Gene
SLIRP,0.08211148887820093,0.009686391795445875,Null Gene
CALM1,0.2672909066296981,0.031028496625918396,Field aligned
NDUFB1,0.14931009232916054,0.02384595958494068,DVG
CHGA,0.11589957219334118,0.021906278921650372,DVG
ITPK1,0.04651195417861847,0.00822864146059141,DVG
MOAP1,0.09959848529074972,-0.001651155977722878,DVG
DDX24,0.055546589976438875,-0.0006013543685633515,Null Gene
IFI27,0.08617333281453549,0.06898812982859769,Null Gene
CYP46A1,0.03134735340294851,0.004433066608390212,Null Gene
EVL,0.08736341811237087,0.0036021061113530937,DVG
MEG3,0.13603530866417096,0.09322453309537104,Null Gene
PPP2R5C,0.02807775008698397,0.0023318795742904032,Null Gene
DYNC1H1,0.10050894205331423,0.025192466230264787,Null Gene
HSP90AA1,0.20307703551362613,0.02073302904329479,DVG + Field aligned
EIF5,0.04610770495748979,-0.004043014045220985,Null Gene
CKB,0.23774706181297045,0.025275193899366222,Field aligned
KLC1,0.12992067066618881,0.015624070834591094,DVG
ATP5MPL,0.1416320842840672,-0.011442691969842782,Null Gene
CRIP2,0.037343136794872465,-0.00651231133451122,Null Gene
NDN,0.028402548477685797,-0.0015425715628808643,Null Gene
SNRPN,0.1457037797767863,0.011069083428395219,DVG
PWAR6,0.05892334715780036,0.016296653987381907,DVG
GABRB3,0.05416345786742365,0.019617470538993084,Null Gene
APBA2,0.06454684280365564,0.03412023372028726,DVG
SCG5,0.12332051766298678,0.030973392707535196,Null Gene
EMC4,0.0511556704217904,0.010006945035436681,Null Gene
NOP10,0.04105265745026396,0.0060307410971651015,Null Gene
SRP14,0.12486839967070011,0.007068388595992398,Null Gene
MAP1A,0.1246687824053896,0.03173390113131694,Null Gene
SERF2,0.10966726196573898,0.030826512017120083,Null Gene
B2M,0.08417267373884109,0.04957151996786464,Null Gene
EID1,0.06715953731198064,-0.0047164824420898276,Null Gene
SCG3,0.049739860450258154,0.007089718516319808,Null Gene
TMOD2,0.05324620160167315,-0.0015786941411782111,DVG
MYO5A,0.059042157905069004,0.0051714791163978814,DVG
ARPP19,0.17696027175642337,0.06537678332608829,Null Gene
PPIB,0.020096404257257162,-0.0028541441208109327,Null Gene
OAZ2,0.029645141723001426,-0.00405545353214153,Null Gene
HACD3,0.031141038278149277,0.002812966358820479,Null Gene
RAB11A,0.05793783061082834,0.009117464735854553,Null Gene
MAP2K1,0.07993230067307715,0.04617545905252468,DVG
RPL4,0.1345128488876632,0.04806850965157648,Null Gene
RPLP1,0.209573097121694,0.04789605000462174,Field aligned
PKM,0.15228115867260544,0.02505589058372533,Null Gene
NPTN,0.1008908761829882,0.024883920261673877,Null Gene
COX5A,0.10923020520662273,0.0018327350749061352,Null Gene
SCAMP5,0.054420818341001445,-0.003248981869393067,Null Gene
RCN2,0.03258071389399853,-0.012696930150808751,DVG
TSPAN3,0.06133362025422391,-0.002238640592045607,Null Gene
LINGO1,0.052509531792742384,0.0016187637560784924,Null Gene
MORF4L1,0.0805415744197187,-0.019640446900273584,DVG
ARNT2,0.034260255836476204,0.009492316635219168,Null Gene
RPS17,0.028516920097203576,-0.008670426342314855,Null Gene
HDGFL3,0.028388303298475786,-0.0024519398883747164,DVG
SV2B,0.0812338805466437,0.026769455627728856,DVG
SNRNP25,0.04871949429675385,0.008421141054512752,Null Gene
ARHGDIG,0.11761803299719259,0.014739878607711249,Null Gene
MRPL28,0.031827955045409966,0.0058523270431779925,Null Gene
METTL26,0.05227416180739648,0.004785909667272527,Null Gene
STUB1,0.05034802817932797,-0.002652296328514763,Null Gene
FBXL16,0.0992034755784276,0.015273276311827741,Null Gene
METRN,0.03619190600692848,0.0034633089000943836,Null Gene
BAIAP3,0.041159056267771395,0.008384087079387979,Null Gene
MAPK8IP3,0.0634413849754699,0.020428019431169488,Null Gene
HAGH,0.042770710739176425,0.0032760774138482986,Null Gene
NDUFB10,0.0629091388608006,-0.0021031202077151333,Null Gene
RPS2,0.09792857234321789,0.012394247775981226,Null Gene
SYNGR3,0.056920986691570835,-0.009014856298629872,DVG
PGP,0.03122363176821056,-0.0073912006000147416,Null Gene
RNPS1,0.03986307969960651,0.008501018236143559,Null Gene
ELOB,0.11069467042293775,-0.0050791771785703025,Null Gene
HCFC1R1,0.05791138326070302,0.01373076291873902,Null Gene
CDIP1,0.05939729970816755,0.002281474609203774,Null Gene
ROGDI,0.024796746045351273,-0.00326089067631067,Null Gene
RBFOX1,0.07563788066724488,0.0019560834928594967,Null Gene
ABAT,0.038134110276937944,0.0063204643862151385,Null Gene
GRIN2A,0.06375452897894689,0.0203198726648927,Null Gene
SNN,0.04785880054411205,-0.005275410642095785,Null Gene
MKL2,0.05537128710350102,0.015594947099530654,Null Gene
C16orf45,0.07598927181530139,0.00535737924885588,DVG
RPS15A,0.11758311843788667,0.03589509201561715,Null Gene
ARL6IP1,0.08249811442971423,-0.008101917314764952,DVG
GPRC5B,0.04529186532320605,0.025269562138180518,Null Gene
CRYM,0.09507311904180289,0.03534378435044945,DVG
UQCRC2,0.06023776617719513,-0.003486433500089086,Null Gene
NDUFAB1,0.083687672836561,0.0025940274940969145,Null Gene
PRKCB,0.0859522922156933,0.018606746759797538,DVG
CACNG3,0.04548204040656121,0.016840856277117514,Null Gene
TUFM,0.02123498622840935,-0.0060223187249120475,Null Gene
MAZ,0.004499502598944568,-0.014912856400284035,Null Gene
PRRT2,0.060113700539277365,0.030649470114122022,Null Gene
SEZ6L2,0.09660952052849425,0.010773895654407582,Null Gene
TMEM219,0.030688344392099224,0.007885881812565889,Null Gene
DOC2A,0.03354707103931503,-0.007149334506809159,Null Gene
ALDOA,0.07843046665121896,0.012341106146810036,Null Gene
YPEL3,0.10312283404736486,-0.0017199211065981224,Null Gene
MAPK3,0.020324544722983232,-0.010152116347347747,Null Gene
STX1B,0.06222056259445202,0.0012856496132275137,DVG
FUS,0.035048605229930446,0.0030440302753534307,Null Gene
VPS35,0.04470157687687704,0.0010824184561835602,Null Gene
ITFG1,0.06416478426306586,0.006495245239094911,DVG
GNAO1,0.08890757389921965,0.011410929287021247,Null Gene
MT3,0.31970308458390395,0.06251659513219744,Field aligned
MT2A,0.05367994463733655,0.020377246074658774,Null Gene
MT1E,0.04407683487974775,0.018702821736679184,Null Gene
MT1X,0.03319638760932478,0.022506032700819235,Null Gene
NDRG4,0.12832829869237408,0.02558554880002891,DVG
FAM96B,0.03452907586757378,-0.0011832312722360736,Null Gene
ATP6V0D1,0.06206768926699901,0.0061142234282433655,DVG
AARS,0.03315738463603494,-0.011249448863999608,Null Gene
PSMD7,0.03698605050898063,0.004828348941668973,Null Gene
GABARAPL2,0.08426527231968335,-0.001823632001665577,Null Gene
TERF2IP,0.07741100749284555,0.002364704119252792,Null Gene
HSBP1,0.0311886043498837,-0.009356407181800922,Null Gene
KIAA0513,0.0447534840576087,0.014890287490825778,Null Gene
COX4I1,0.1806963324143269,-0.006970770443408571,Null Gene
MAP1LC3B,0.09369756786851192,0.013473973327913964,Null Gene
JPH3,0.03135712761151351,-0.004418025809453763,Null Gene
TRAPPC2L,0.02256446272991564,-0.017264810716101718,Null Gene
RPL13,0.15723783974258254,0.03226192550590112,Null Gene
TCF25,0.02247389436540442,0.000524413823841383,Null Gene
ABR,0.04906751703429583,0.00390998927869557,Null Gene
YWHAE,0.13139254205241718,0.012200147780717527,Null Gene
PRPF8,0.041213130565488726,0.012007921761097037,Null Gene
PAFAH1B1,0.06385698208375151,-0.010617313327101858,Null Gene
CAMKK1,0.026135288960264607,-0.003943566520707777,Null Gene
PSMB6,0.02781411447081749,-0.014270164029618101,Null Gene
PFN1,0.032479952637497034,0.00012080757147854133,Null Gene
NLRP1,0.07629668717866456,0.010875043683325557,Null Gene
ATP1B2,0.04473010949911222,0.009570777779266945,Null Gene
NAA38,0.07068006286375432,-0.0067876860702668455,Null Gene
TRAPPC1,0.052969903316244266,-0.00782742542765142,Null Gene
VAMP2,0.12785506276900646,0.0036791136074698838,Null Gene
RPL26,0.12789384978358076,0.011256960733578255,Null Gene
GAS7,0.05610131015165917,0.01408247388543735,Null Gene
UBB,0.20960669557117506,0.01127761877086423,Field aligned
MPRIP,0.016941046482773215,-0.01272629929021802,Null Gene
USP22,0.04761584287031834,0.010546817788870667,DVG
NLK,0.06117358185330232,-7.862277002589936e-05,Null Gene
ALDOC,0.16630721142914015,0.038874223361227735,Null Gene
RPL23A,0.08416774978418662,-0.01087394494372892,Null Gene
COPRS,0.03744064006230781,-0.005219435569978419,Null Gene
CDK5R1,0.061654575669872626,0.010490555764197437,Null Gene
AP2B1,0.05203069995842441,0.014457489237115491,Null Gene
PSMB3,0.05286009393771703,0.016158429976047183,Null Gene
PIP4K2B,0.03846473530976633,0.006010029750936482,Null Gene
RPL23,0.09150779813782456,0.026571902094657516,Null Gene
RPL19,0.16134050927979873,0.03562145380862541,Null Gene
NEUROD2,0.033365064679111,-0.00023881584898738367,Null Gene
MIEN1,0.027824904910761585,-0.0032755762515425846,Null Gene
THRA,0.022317471891606468,0.0017334505512225185,Null Gene
KRT19,0.18183571063351237,0.17199225431079762,Null Gene
EIF1,0.12511381172710243,0.011889154439566901,Null Gene
CNP,0.06002849495983547,0.021294078946830528,DVG
ATP6V0A1,0.09009850352193707,0.01759203805153402,Null Gene
TUBG2,0.049381319672051324,0.0060091093401426834,Null Gene
COA3,0.046423350291364775,0.0033165999528610617,Null Gene
RPL27,0.10560852102798624,-0.00019807998759356095,Null Gene
HDAC5,0.022421566165364417,0.0027012238676122624,Null Gene
RUNDC3A,0.06676005787195459,-0.022345286401614796,Null Gene
GFAP,0.20396306104091216,0.20530519211615197,SVG
MAPT,0.04808426779026588,-0.004340813047675079,Null Gene
NSF,0.1262106295658387,0.025051968458769513,DVG
NPEPPS,0.055869152872453386,0.016119041943857867,Null Gene
ATP5MC1,0.06635805121929994,-0.004878020654390946,Null Gene
NME1,0.0608276565844944,0.016291419739641638,Null Gene
HLF,0.04233993807909749,0.014584278632634833,Null Gene
DYNLL2,0.03597887382640658,-0.023164306747785534,Null Gene
SEPT4,0.04098941250623494,0.0104270657442845,DVG
TRIM37,0.04959267352859533,0.00375045432361651,DVG
CLTC,0.11660646937050362,0.0012889652726822685,DVG
PSMC5,0.0250490427546241,-0.01800905746337927,Null Gene
DDX5,0.03794947061772366,0.0005268830228051668,Null Gene
PRKCA,0.029761744704035618,0.017484455275545818,Null Gene
PRKAR1A,0.08291108319478943,0.013976023090621044,Null Gene
RPL38,0.13564485379159485,0.0022366179019520727,Null Gene
ATP5PD,0.08895052656976869,0.003291043334643305,Null Gene
JPT1,0.05460945023698531,0.011391740852104804,Null Gene
SUMO2,0.08337454441462529,0.00379972924051432,Null Gene
GRB2,0.03408137273762614,0.011724463745445187,Null Gene
H3F3B,0.051413926686271864,0.015952207269291446,Null Gene
WBP2,0.08816034522259533,0.012105924360518803,Null Gene
MXRA7,0.04955183201041847,0.00977698221396108,Null Gene
TIMP2,0.014469853072377756,-0.007587992345296327,Null Gene
RBFOX3,0.010025353508067431,-0.01126147102203549,Null Gene
BAIAP2,0.02548886512136842,-0.0016444594970350579,Null Gene
NDUFAF8,0.042374485944244235,0.004497490765466943,Null Gene
ACTG1,0.19291858351402838,0.004396228465981056,DVG
MCRIP1,0.03571016082453266,0.008952495378292069,Null Gene
P4HB,0.026591352976140018,0.0027547475337086212,Null Gene
ARHGDIA,0.05827017986590856,0.02154823611899086,Null Gene
ANAPC11,0.07483857983592031,0.01731841497452874,Null Gene
DCXR,0.019204528812567137,-0.004776165691634077,Null Gene
FASN,0.03201137689509189,-0.011758286695521668,Null Gene
RAB40B,0.037662199114908194,0.0148011971354073,Null Gene
MYL12B,0.06852309382503266,-0.001932501900522116,Null Gene
DLGAP1,0.04926891407513338,-0.006183630659182808,Null Gene
EPB41L3,0.044415072964462926,0.005458753220582611,Null Gene
NDUFV2,0.05453646508627958,0.005048739682839127,Null Gene
VAPA,0.07466360148579297,0.001969934258952452,Null Gene
AQP4,0.0478850674888967,0.04077489009403908,Null Gene
MAPRE2,0.07219900127696716,0.016064838612441554,Null Gene
CELF4,0.0515460797947325,0.018797483370093043,DVG
SYT4,0.08464618852683183,0.0116969754585539,DVG
ATP5F1A,0.11742469142963614,0.01200744434869626,Null Gene
RPL17,0.046196464013929205,0.010990422725963475,Null Gene
TCF4,0.03641874396826365,0.010085240894474165,Null Gene
NARS,0.049514478565487866,0.006470270275849797,Null Gene
SEC11C,0.04902393064276334,0.008918757454224177,Null Gene
MBP,0.23647867642653414,0.1643581167953858,DVG + Field aligned
TXNL4A,0.06809130415173723,0.003878421932921714,Null Gene
NRSN2,0.03898782721380643,0.003803367798873076,Null Gene
FKBP1A,0.08091259063368741,0.03153776194778456,Null Gene
SIRPA,0.06361688661037815,0.0036741892325353413,Null Gene
PTPRA,0.03283279481659517,0.0012339844028802199,Null Gene
MRPS26,0.03064090725937323,0.0004394512876421179,Null Gene
LZTS3,0.015973513125931215,-0.011006638199928176,Null Gene
PRNP,0.15513122712758892,0.019538517175962947,Null Gene
CHGB,0.08818375853188304,0.020075031026879735,DVG
TMX4,0.06195023307861431,0.014442440789013435,Null Gene
PLCB1,0.042028191647164426,0.0027352030599130453,Null Gene
SNAP25,0.2811399015719725,0.048623871673071105,DVG + Field aligned
DSTN,0.11723690196734318,0.02505708313555794,Null Gene
SMIM26,0.03383774072765756,-0.0010129575842736298,Null Gene
NAPB,0.12817290662507605,0.016673592022333674,DVG
CST3,0.29182350324667744,0.11829491352375597,Field aligned
ENTPD6,0.05310752874121712,0.015766073977753103,Null Gene
CHMP4B,0.0392044335263419,-0.005851335793975064,Null Gene
DYNLRB1,0.11778978087213912,0.027824874745647175,Null Gene
MAP1LC3A,0.09515564165758815,0.009812217536595554,DVG
MMP24OS,0.036682722218349235,0.0019117926506992098,Null Gene
ROMO1,0.016939125491795288,-0.010296163257118764,Null Gene
SCAND1,0.012396750129029752,-0.011738752499195234,Null Gene
NORAD,0.1479935672247283,0.027229840320559584,Null Gene
EPB41L1,0.04530083664933034,0.002686665457491005,Null Gene
NDRG3,0.046880974382508524,-0.013712757880801662,Null Gene
BLCAP,0.031139627527966063,-0.01606156241606283,Null Gene
NNAT,0.073009226930146,0.0209452489293223,Null Gene
VSTM2L,0.030404562211714788,-0.003402810763115335,Null Gene
SERINC3,0.07692834412581523,-0.009383425170091757,Null Gene
PKIG,0.035495571848148944,0.004178098293661585,Null Gene
YWHAB,0.13125515449847844,0.010219957591512672,DVG
SLC12A5,0.059184908038938736,-0.004859872994735244,Null Gene
ATP9A,0.05275348197656055,0.006303380961938063,Null Gene
GNAS,0.21742959064979295,0.039948902099695975,Field aligned
ATP5F1E,0.22107436091307467,0.02430725609821949,Field aligned
PSMA7,0.05272684959900656,0.0038310520814336495,Null Gene
RPS21,0.20581954447802953,0.020797244657077142,Field aligned
KCNQ2,0.01812973122107172,-0.005708573692386735,Null Gene
EEF1A2,0.14417171805821433,0.015726516636912324,Null Gene
PPDPF,0.0681053936387844,0.025985445661619803,Null Gene
STMN3,0.11160200436870736,0.006951034682037915,Null Gene
DNAJC5,0.019836154580681352,-0.004176441218882049,Null Gene
TCEA2,0.032135755655069466,-0.008404973183032634,Null Gene
BSG,0.06654324142652998,-0.00671958474554667,Null Gene
PALM,0.03178817479710758,0.009913015568387838,Null Gene
POLR2E,0.04935888346947155,0.013057835612275161,Null Gene
GPX4,0.13035742418219973,0.004262405432711571,DVG
ATP5F1D,0.12047260908419972,0.026924316720950213,Null Gene
CIRBP,0.07218705073641433,0.019009815909300797,Null Gene
NDUFS7,0.04222140287457035,-0.004153269218332313,Null Gene
RPS15,0.17250604485048582,0.019433368169754998,Null Gene
UQCR11,0.19927689877043822,0.04162774305978542,Null Gene
ABHD17A,0.02565671502890168,-0.006401463399933157,Null Gene
OAZ1,0.16392996996922213,0.008511439514590593,Null Gene
LSM7,0.02194247654548217,-0.009599406297718802,Null Gene
TIMM13,0.025313349576228085,0.004718068177097273,Null Gene
DIRAS1,0.03490268535713063,-0.011077728504003943,Null Gene
AES,0.11431680325137218,0.02706418494073725,Null Gene
ATCAY,0.03236975608696353,0.0023293982683297524,Null Gene
EEF2,0.09241653512579501,0.01323403310197299,Null Gene
MAP2K2,0.05267630456012057,0.016575869975984814,Null Gene
UBXN6,0.026871671571279076,-0.009131969684261939,Null Gene
RPL36,0.1490194294123276,0.029309434072240324,Null Gene
C19orf70,0.06865647168290069,0.010158841875878137,Null Gene
HSD11B1L,0.03473208065455463,0.0040675593933946486,Null Gene
NDUFA11,0.05966440252613512,-0.009647837181078762,Null Gene
SLC25A23,0.026763687579727306,-0.006829649878389589,Null Gene
TUBB4A,0.09554688786103757,0.008378553064095694,Null Gene
PET100,0.06497115292545172,0.009052172327452642,Null Gene
TGFBR3L,0.03483213202479909,0.0024045058948851637,Null Gene
CTXN1,0.09509012676194466,0.03896420259898893,Null Gene
RPS28,0.1913967086379673,0.004219689858557473,Null Gene
RAB11B,0.04576767669115541,0.016489227279237687,Null Gene
UBL5,0.12103200731394427,0.003951262387975516,Null Gene
PIN1,0.12315049167185418,0.013537458385902736,Null Gene
CDC37,0.03674160982933742,-0.00018552590138014484,Null Gene
CDKN2D,0.057316219510966125,0.010835595779476457,Null Gene
TMEM205,0.03162936506781513,-0.0045016532409622575,Null Gene
ELAVL3,0.024867991397528218,-0.009462256490976676,Null Gene
WDR83OS,0.055017979821989096,0.02320497676531653,Null Gene
TRIR,0.07775338538566265,0.019289592021346162,Null Gene
PRDX2,0.11003673545532301,0.012072854425235596,DVG
CALR,0.03780801476326208,0.0021375450002486932,Null Gene
RAD23A,0.024263732232776964,-0.017034550173582318,Null Gene
GADD45GIP1,0.047694055754557325,0.00518646482332428,Null Gene
C19orf53,0.06247641759787925,0.008067309845931266,Null Gene
ADGRL1,0.023532928758971148,-0.0014106565267264233,Null Gene
TECR,0.020125515923371504,-0.01679966607133325,Null Gene
NDUFB7,0.0636930409015757,-0.003424596496810787,Null Gene
BABAM1,0.01653777450742488,-0.02111737388027191,Null Gene
UNC13A,0.046765722566742225,0.015227046053916239,Null Gene
RPL18A,0.1365898032865803,0.034517736013498376,Null Gene
CCDC124,0.027977554923791285,-0.003306974169732624,Null Gene
MAST3,0.06938385840828801,0.021319215505982113,Null Gene
RAB3A,0.12330841730840633,0.007194949184282395,Null Gene
JUND,0.06624251962845377,0.015116552539670211,Null Gene
LSM4,0.051649468618552005,-0.002861538354659046,DVG
SSBP4,0.014039278878741148,-0.0009359174154713062,Null Gene
FKBP8,0.07728404708822041,0.004923607075948175,Null Gene
UBA52,0.08677953097625275,-0.0007997855329900726,Null Gene
REX1BD,0.04018219912078554,-0.006597446836133254,Null Gene
TMEM59L,0.10624892673251163,0.0028305301361120122,Null Gene
COPE,0.029199339512551464,-0.01006115340971131,Null Gene
NDUFA13,0.12666695305607722,-0.00042053549483675787,Null Gene
YJEFN3,0.04491479317222333,0.008413590301596384,Null Gene
UQCRFS1,0.06927229562832538,0.004205749049043053,Null Gene
PDCD5,0.04814239998160165,0.0017367612227773967,Null Gene
GPI,0.09326073319762654,0.0039615743370720385,Null Gene
SCN1B,0.11082206963401349,0.0489598216364946,DVG
FXYD1,0.031268313319852026,0.0028760756937210585,Null Gene
FXYD7,0.07542213222513985,0.008586547040366987,Null Gene
USF2,0.024785586307480543,-0.002544160201717976,Null Gene
COX6B1,0.1048618065180396,0.005346395124348563,Null Gene
APLP1,0.10625359655580581,0.017318550274992385,Null Gene
CLIP3,0.07463079825935494,0.008470925102450037,Null Gene
POLR2I,0.03767396505029865,-0.008325962198345551,Null Gene
TBCB,0.053227928285397165,-0.0026103325371670664,Null Gene
CAPNS1,0.0913402856032303,0.0005850368255730812,Null Gene
COX7A1,0.061899161120953575,0.012753474079357549,DVG
SPINT2,0.054404834850164,0.017632737273334618,Null Gene
PSMD8,0.05144372035326638,0.009095467168079005,Null Gene
EIF3K,0.06313654130442457,-0.003905387931101375,Null Gene
SIRT2,0.019597764371985876,-0.002609396486800127,Null Gene
RPS16,0.05279758566372756,-0.009325236746603278,Null Gene
TTC9B,0.09431210028247371,0.02142547164593044,DVG
PLD3,0.10398269887515119,0.0035182873331379228,Null Gene
RPS19,0.09117600741121079,0.024734943334767095,Null Gene
RABAC1,0.05609611985424102,0.006678390701393899,Null Gene
ATP1A3,0.11298084152643939,0.00785615334086803,Null Gene
GSK3A,0.023956985140467874,-0.014410010291594859,Null Gene
APOE,0.10040998600696,0.032995971657348744,Null Gene
CLPTM1,0.02971701097239651,-0.00343748619489355,Null Gene
SNRPD2,0.06251054194109013,-0.013080022588831739,Null Gene
PNMA8A,0.0703528603036807,0.014056407692318244,DVG
PNMA8B,0.026659840360873353,-0.005887111369557968,DVG
CALM3,0.19848494668832933,0.02974395591955732,Null Gene
AP2S1,0.060647398506624886,-0.006046726487958692,Null Gene
TMEM160,0.08744384698631036,0.018730238936388637,Null Gene
NAPA,0.060442294886484504,-0.0016059525568654545,Null Gene
SELENOW,0.22609168380436334,0.018971307453833963,Field aligned
RPL18,0.129408808195362,0.023439557904564864,Null Gene
CA11,0.07490519497363614,0.018884313773622454,Null Gene
FTL,0.15745856391696117,0.012695115880635353,Null Gene
SLC17A7,0.1696767063221883,0.012684975580069004,DVG
RPL13A,0.1122495599848265,0.0161891301018283,Null Gene
RPS11,0.09176199408590203,0.020763913990996603,Null Gene
PTOV1,0.04038592268002657,-0.003175289978888167,Null Gene
ETFB,0.007491295960775973,-0.01028448808702964,Null Gene
PPP2R1A,0.07924160569458198,-0.01060781840912233,Null Gene
NDUFA3,0.12120133198537626,0.011577866404665545,Null Gene
MBOAT7,0.03834459435659528,0.008701959541664356,Null Gene
RPS9,0.04944429200267159,0.0005736845266396856,Null Gene
TTYH1,0.04747101534125271,-0.012188111898432304,Null Gene
SYT5,0.035957663846340075,0.0054467006842699485,Null Gene
BRSK1,0.046591757446538776,0.011459238563932774,Null Gene
RPL28,0.16363489607091064,0.017977006278316162,Null Gene
EPN1,0.04394019534889766,0.009045791320369107,Null Gene
PEG3,0.043928838899768924,0.0024937236948317145,DVG
ZSCAN18,0.05584109872565806,0.02966989350531833,DVG
RPS5,0.07063512669591047,0.01859023550609649,Null Gene
CHMP2A,0.03279611400704937,0.017200735934507657,Null Gene
UBE2M,0.07307665517498768,0.010913553075040203,Null Gene
RPS4Y1,0.021917192887825437,0.002805422973547018,Null Gene
ATP6V1E1,0.09517281422126027,-0.00783137082842063,Null Gene
RTN4R,0.020892138808158316,0.0025485465047140033,Null Gene
PI4KA,0.09386518675527791,0.0034965877093498378,DVG
UBE2L3,0.03782447292029113,0.011091803752555906,Null Gene
MAPK1,0.060947390128564996,0.014929613552167844,DVG
CHCHD10,0.11018001417927277,0.004421292919872242,Null Gene
MIF,0.08078646842650204,0.015932747903765858,Null Gene
DDT,0.04832493768454682,0.006092617453934771,Null Gene
SEZ6L,0.04662939999373557,0.03319037280352388,Null Gene
UQCR10,0.1445520048491676,0.009608511611889494,Null Gene
SELENOM,0.041582393004322496,-0.0130890318640452,Null Gene
YWHAH,0.22341717012295936,0.03284442685779705,Field aligned
LGALS1,0.13225140927358256,0.05218133512089501,DVG
EIF3L,0.046771727521400644,0.008319786576857877,Null Gene
DDX17,0.031213450978211727,-0.004390473258894847,Null Gene
NPTXR,0.07085116271577732,0.03496360922471992,Null Gene
CBX6,0.038389542582206504,0.008263182582774744,Null Gene
RPL3,0.11615365188659126,0.0097093051837032,Null Gene
SYNGR1,0.06915490643571308,0.014265974189584273,DVG
ATF4,0.047349010950326266,0.008147984497433803,DVG
RPS19BP1,0.0358470355655794,-0.0004050621741462411,Null Gene
ST13,0.05835602512546027,0.016222195206524192,Null Gene
RBX1,0.06423980134961789,-0.002452988438772913,Null Gene
RANGAP1,0.0430289862249738,0.0015718735492663504,Null Gene
ACO2,0.030905926901626152,-0.01610440146190465,Null Gene
XRCC6,0.053767085441547555,0.016089891468061675,Null Gene
SNU13,0.07676964595886009,0.002996358526943974,Null Gene
SREBF2,0.0331738242023928,-0.008302713080514373,Null Gene
SEPT3,0.06611880123307408,-0.008160871301066326,Null Gene
SMDT1,0.036803141929273815,-6.0842168445542404e-05,Null Gene
NDUFA6,0.046228757011007746,0.005400053077233387,Null Gene
MPPED1,0.04039321524799225,0.009669178607962486,Null Gene
SULT4A1,0.07060559335074286,0.0015985440666231576,DVG
ATXN10,0.06422380334664536,0.011654670670486056,Null Gene
MAPK8IP2,0.05625327184098391,0.00812048995821657,Null Gene
ATP5PF,0.12498461020070904,0.0008012019222248723,Null Gene
APP,0.16666539353674353,0.036299427267709156,Null Gene
SOD1,0.17079391675020128,0.028017024224011366,DVG
SYNJ1,0.05660378748333049,0.009024738569901714,DVG
SON,0.03413071408409072,0.008233160821785072,Null Gene
ATP5PO,0.10454737650680802,0.004887522598421302,Null Gene
TTC3,0.04825980366537503,0.0008001497883263356,Null Gene
BRWD1,0.05078033272309228,0.021980189085660313,Null Gene
PCP4,0.07372786996137869,0.04978633473659808,DVG
NDUFV3,0.06622099486945125,0.024900396804075128,Null Gene
PDXK,0.031286102628446694,-0.0021713736052072228,Null Gene
CSTB,0.055906311024297516,0.013051818223042924,Null Gene
SUMO3,0.03812203984707618,0.0029918538742824494,Null Gene
S100B,0.04385068994112099,0.024131477750151106,Null Gene
